<?xml version="1.0" encoding="UTF-8"?>
<root>
  <item name="com.github.paolorotolo.appintro.AppIntro void setBarColor(int) 0">
    <annotation name="android.support.annotation.ColorInt" />
  </item>
  <item name="com.github.paolorotolo.appintro.AppIntro void setSeparatorColor(int) 0">
    <annotation name="android.support.annotation.ColorInt" />
  </item>
  <item name="com.github.paolorotolo.appintro.ResourceUtils android.graphics.drawable.Drawable getDrawable(android.content.Context, int) 1">
    <annotation name="android.support.annotation.DrawableRes" />
  </item>
</root>

